"Study ID","dateFrom","dateTo","variant","sumcount","freq","per","source","Outbreak_count_total"
"141173_Alsakarneh 2024","2020-01-01","2024-02-01","Early-clades",256888,0.0713787155343345,"7%","LAPIS",NA
"141173_Alsakarneh 2024","2020-01-01","2024-02-01","Beta",2285,0.000634908462037753,"0%","LAPIS",NA
"141173_Alsakarneh 2024","2020-01-01","2024-02-01","Alpha",194673,0.0540917002320681,"5%","LAPIS",NA
"141173_Alsakarneh 2024","2020-01-01","2024-02-01","Gamma",22059,0.00612929792739204,"1%","LAPIS",NA
"141173_Alsakarneh 2024","2020-01-01","2024-02-01","Delta",1213703,0.337238645558253,"34%","LAPIS",NA
"141173_Alsakarneh 2024","2020-01-01","2024-02-01","Kappa",247,6.86312429423742e-05,"0%","LAPIS",NA
"141173_Alsakarneh 2024","2020-01-01","2024-02-01","Epsilon",45578,0.0126642704082086,"1%","LAPIS",NA
"141173_Alsakarneh 2024","2020-01-01","2024-02-01","Eta",1062,0.000295086558723892,"0%","LAPIS",NA
"141173_Alsakarneh 2024","2020-01-01","2024-02-01","Theta",19,5.27932638018263e-06,"0%","LAPIS",NA
"141173_Alsakarneh 2024","2020-01-01","2024-02-01","Iota",37318,0.010369152729245,"1%","LAPIS",NA
"141173_Alsakarneh 2024","2020-01-01","2024-02-01","Lambda",1135,0.00031537028639512,"0%","LAPIS",NA
"141173_Alsakarneh 2024","2020-01-01","2024-02-01","Mu",5365,0.00149071505419367,"0%","LAPIS",NA
"141173_Alsakarneh 2024","2020-01-01","2024-02-01","Omicron_BA",1533061,0.425975230512061,"43%","LAPIS",NA
"141173_Alsakarneh 2024","2020-01-01","2024-02-01","Omicron_XBB",245892,0.0683233748566246,"7%","LAPIS",NA
"141173_Alsakarneh 2024","2020-01-01","2024-02-01","Omicron_JN",32276,0.00896818622351445,"1%","LAPIS",NA
"141173_Alsakarneh 2024","2020-01-01","2024-02-01",NA,7383,0.0020514350876257,"0%","LAPIS",NA
"138896_Li 2024","2022-11-01","2023-02-11","Omicron_BA",2810,0.998933522929257,"100%","LAPIS",NA
"138896_Li 2024","2022-11-01","2023-02-11","Omicron_XBB",3,0.00106647707074298,"0%","LAPIS",NA
"73804_Starkey 2023","2020-11-01","2022-08-31","Early-clades",77902,0.0270155267667059,"3%","LAPIS",NA
"73804_Starkey 2023","2020-11-01","2022-08-31","Beta",1070,0.000371063819162221,"0%","LAPIS",NA
"73804_Starkey 2023","2020-11-01","2022-08-31","Alpha",284516,0.0986669098810827,"10%","LAPIS",NA
"73804_Starkey 2023","2020-11-01","2022-08-31","Gamma",273,9.46732921787723e-05,"0%","LAPIS",NA
"73804_Starkey 2023","2020-11-01","2022-08-31","Delta",1176682,0.408059922298543,"41%","LAPIS",NA
"73804_Starkey 2023","2020-11-01","2022-08-31","Kappa",552,0.000191427316053781,"0%","LAPIS",NA
"73804_Starkey 2023","2020-11-01","2022-08-31","Epsilon",22,7.6293495528681e-06,"0%","LAPIS",NA
"73804_Starkey 2023","2020-11-01","2022-08-31","Eta",536,0.00018587869819715,"0%","LAPIS",NA
"73804_Starkey 2023","2020-11-01","2022-08-31","Theta",9,3.12109754435513e-06,"0%","LAPIS",NA
"73804_Starkey 2023","2020-11-01","2022-08-31","Iota",23,7.97613816890756e-06,"0%","LAPIS",NA
"73804_Starkey 2023","2020-11-01","2022-08-31","Lambda",7,2.42752031227621e-06,"0%","LAPIS",NA
"73804_Starkey 2023","2020-11-01","2022-08-31","Mu",77,2.67027234350383e-05,"0%","LAPIS",NA
"73804_Starkey 2023","2020-11-01","2022-08-31","Omicron_BA",1337878,0.463960860049639,"46%","LAPIS",NA
"73804_Starkey 2023","2020-11-01","2022-08-31","Omicron_XBB",1,3.46788616039459e-07,"0%","LAPIS",NA
"73804_Starkey 2023","2020-11-01","2022-08-31",NA,4053,0.00140553426080793,"0%","LAPIS",NA
"72854_Konermann 2023","2020-03-11","2022-07-20","Early-clades",39111,0.0366029648485756,"4%","LAPIS",NA
"72854_Konermann 2023(Omicron)","2022-01-01","2022-07-20","Early-clades",645,0.00120637414431601,"0%","LAPIS",NA
"72854_Konermann 2023","2020-03-11","2022-07-20","Beta",3459,0.00323718788604799,"0%","LAPIS",NA
"72854_Konermann 2023(Omicron)","2022-01-01","2022-07-20","Beta",3,5.61104253170239e-06,"0%","LAPIS",NA
"72854_Konermann 2023","2020-03-11","2022-07-20","Alpha",151151,0.141458278740688,"14%","LAPIS",NA
"72854_Konermann 2023(Omicron)","2022-01-01","2022-07-20","Alpha",5,9.35173755283732e-06,"0%","LAPIS",NA
"72854_Konermann 2023","2020-03-11","2022-07-20","Gamma",1390,0.00130086474750122,"0%","LAPIS",NA
"72854_Konermann 2023","2020-03-11","2022-07-20","Delta",331750,0.310476172650021,"31%","LAPIS",NA
"72854_Konermann 2023(Omicron)","2022-01-01","2022-07-20","Delta",11343,0.0212153518123667,"2%","LAPIS",NA
"72854_Konermann 2023","2020-03-11","2022-07-20","Kappa",137,0.00012821472691199,"0%","LAPIS",NA
"72854_Konermann 2023","2020-03-11","2022-07-20","Epsilon",16,1.497398270505e-05,"0%","LAPIS",NA
"72854_Konermann 2023","2020-03-11","2022-07-20","Eta",1179,0.00110339535057837,"0%","LAPIS",NA
"72854_Konermann 2023","2020-03-11","2022-07-20","Theta",29,2.71403436529031e-05,"0%","LAPIS",NA
"72854_Konermann 2023","2020-03-11","2022-07-20","Iota",44,4.11784524388874e-05,"0%","LAPIS",NA
"72854_Konermann 2023","2020-03-11","2022-07-20","Lambda",171,0.000160034440160222,"0%","LAPIS",NA
"72854_Konermann 2023","2020-03-11","2022-07-20","Mu",207,0.000193725901246584,"0%","LAPIS",NA
"72854_Konermann 2023","2020-03-11","2022-07-20","Omicron_BA",537304,0.502848800209636,"50%","LAPIS",NA
"72854_Konermann 2023(Omicron)","2022-01-01","2022-07-20","Omicron_BA",520128,0.972820109976434,"97%","LAPIS",NA
"72854_Konermann 2023","2020-03-11","2022-07-20",NA,2572,0.00240706771983678,"0%","LAPIS",NA
"72854_Konermann 2023(Omicron)","2022-01-01","2022-07-20",NA,2536,0.00474320128679909,"0%","LAPIS",NA
"140255_Park 2024","2020-01-01","2022-03-31","Early-clades",73,0.553030303030303,"55%","LAPIS",NA
"140255_Park 2024","2020-01-01","2022-03-31","Alpha",6,0.0454545454545455,"5%","LAPIS",NA
"140255_Park 2024","2020-01-01","2022-03-31","Delta",21,0.159090909090909,"16%","LAPIS",NA
"140255_Park 2024","2020-01-01","2022-03-31","Epsilon",1,0.00757575757575758,"1%","LAPIS",NA
"140255_Park 2024","2020-01-01","2022-03-31","Omicron_BA",31,0.234848484848485,"23%","LAPIS",NA
"71628_Turtle 2023","2020-01-17","2022-02-28","Early-clades",182555,0.0747967473012655,"7%","LAPIS",NA
"71628_Turtle 2023(wave 4-Omicron)","2021-12-13","2022-02-28","Early-clades",307,0.000370555446923666,"0%","LAPIS",NA
"71628_Turtle 2023","2020-01-17","2022-02-28","Beta",1071,0.000438811954532362,"0%","LAPIS",NA
"71628_Turtle 2023","2020-01-17","2022-02-28","Alpha",284632,0.116619910590528,"12%","LAPIS",NA
"71628_Turtle 2023(wave 4-Omicron)","2021-12-13","2022-02-28","Alpha",12,1.44842519970162e-05,"0%","LAPIS",NA
"71628_Turtle 2023","2020-01-17","2022-02-28","Gamma",273,0.000111854027625896,"0%","LAPIS",NA
"71628_Turtle 2023","2020-01-17","2022-02-28","Delta",1176640,0.482094956284742,"48%","LAPIS",NA
"71628_Turtle 2023(wave 4-Omicron)","2021-12-13","2022-02-28","Delta",46374,0.0559743918424693,"6%","LAPIS",NA
"71628_Turtle 2023","2020-01-17","2022-02-28","Kappa",552,0.000226166385529285,"0%","LAPIS",NA
"71628_Turtle 2023","2020-01-17","2022-02-28","Epsilon",27,1.1062486248715e-05,"0%","LAPIS",NA
"71628_Turtle 2023","2020-01-17","2022-02-28","Eta",536,0.000219610838122639,"0%","LAPIS",NA
"71628_Turtle 2023","2020-01-17","2022-02-28","Theta",9,3.68749541623834e-06,"0%","LAPIS",NA
"71628_Turtle 2023","2020-01-17","2022-02-28","Iota",32,1.31110948132919e-05,"0%","LAPIS",NA
"71628_Turtle 2023","2020-01-17","2022-02-28","Lambda",7,2.8680519904076e-06,"0%","LAPIS",NA
"71628_Turtle 2023","2020-01-17","2022-02-28","Mu",77,3.15485718944835e-05,"0%","LAPIS",NA
"71628_Turtle 2023(wave 4-Omicron)","2021-12-13","2022-02-28","Mu",2,2.41404199950271e-06,"0%","LAPIS",NA
"71628_Turtle 2023","2020-01-17","2022-02-28","Omicron_BA",793494,0.325111720868069,"33%","LAPIS",NA
"71628_Turtle 2023(wave 4-Omicron)","2021-12-13","2022-02-28","Omicron_BA",781155,0.942870489060769,"94%","LAPIS",NA
"71628_Turtle 2023","2020-01-17","2022-02-28","Omicron_XBB",1,4.09721712915371e-07,"0%","LAPIS",NA
"71628_Turtle 2023(wave 4-Omicron)","2021-12-13","2022-02-28","Omicron_XBB",1,1.20702099975135e-06,"0%","LAPIS",NA
"71628_Turtle 2023","2020-01-17","2022-02-28","Omicron_JN",2,8.19443425830741e-07,"0%","LAPIS",NA
"71628_Turtle 2023","2020-01-17","2022-02-28",NA,773,0.000316714884083582,"0%","LAPIS",NA
"71628_Turtle 2023(wave 4-Omicron)","2021-12-13","2022-02-28",NA,635,0.00076645833484211,"0%","LAPIS",NA
"71402_Salvatore 2023","2020-03-10","2022-02-02","Early-clades",255329,0.114166993076534,"11%","LAPIS",NA
"71402_Salvatore 2023","2020-03-10","2022-02-02","Beta",2283,0.00102081332396135,"0%","LAPIS",NA
"71402_Salvatore 2023","2020-03-10","2022-02-02","Alpha",194582,0.0870047736325215,"9%","LAPIS",NA
"71402_Salvatore 2023","2020-03-10","2022-02-02","Gamma",22051,0.00985981366915096,"1%","LAPIS",NA
"71402_Salvatore 2023","2020-03-10","2022-02-02","Delta",1213406,0.54255848102262,"54%","LAPIS",NA
"71402_Salvatore 2023","2020-03-10","2022-02-02","Kappa",247,0.000110442790634451,"0%","LAPIS",NA
"71402_Salvatore 2023","2020-03-10","2022-02-02","Epsilon",45535,0.0203603743787034,"2%","LAPIS",NA
"71402_Salvatore 2023","2020-03-10","2022-02-02","Eta",1062,0.000474859286047722,"0%","LAPIS",NA
"71402_Salvatore 2023","2020-03-10","2022-02-02","Theta",19,8.49559927957318e-06,"0%","LAPIS",NA
"71402_Salvatore 2023","2020-03-10","2022-02-02","Iota",37317,0.0166858041218859,"2%","LAPIS",NA
"71402_Salvatore 2023","2020-03-10","2022-02-02","Lambda",1135,0.000507500272753451,"0%","LAPIS",NA
"71402_Salvatore 2023","2020-03-10","2022-02-02","Mu",5365,0.00239888895446895,"0%","LAPIS",NA
"71402_Salvatore 2023","2020-03-10","2022-02-02","Omicron_BA",455948,0.203871131595939,"20%","LAPIS",NA
"71402_Salvatore 2023","2020-03-10","2022-02-02","Omicron_XBB",27,1.20726937130777e-05,"0%","LAPIS",NA
"71402_Salvatore 2023","2020-03-10","2022-02-02","Omicron_JN",3,1.34141041256419e-06,"0%","LAPIS",NA
"71402_Salvatore 2023","2020-03-10","2022-02-02",NA,2143,0.000958214171375017,"0%","LAPIS",NA
"71915_Leuva 2022","2020-12-14","2022-01-25","Early-clades",151188,0.0735291542892493,"7%","LAPIS",NA
"71915_Leuva 2022","2020-12-14","2022-01-25","Beta",2278,0.00110788828128496,"0%","LAPIS",NA
"71915_Leuva 2022","2020-12-14","2022-01-25","Alpha",194553,0.0946193980635786,"9%","LAPIS",NA
"71915_Leuva 2022","2020-12-14","2022-01-25","Gamma",22049,0.010723366424079,"1%","LAPIS",NA
"71915_Leuva 2022","2020-12-14","2022-01-25","Delta",1213133,0.589998171352091,"59%","LAPIS",NA
"71915_Leuva 2022","2020-12-14","2022-01-25","Kappa",247,0.000120126604687175,"0%","LAPIS",NA
"71915_Leuva 2022","2020-12-14","2022-01-25","Epsilon",43918,0.0213591911929204,"2%","LAPIS",NA
"71915_Leuva 2022","2020-12-14","2022-01-25","Eta",1062,0.000516495765901942,"0%","LAPIS",NA
"71915_Leuva 2022","2020-12-14","2022-01-25","Theta",19,9.2405080528596e-06,"0%","LAPIS",NA
"71915_Leuva 2022","2020-12-14","2022-01-25","Iota",37297,0.0181391173077634,"2%","LAPIS",NA
"71915_Leuva 2022","2020-12-14","2022-01-25","Lambda",1135,0.000551998770526086,"0%","LAPIS",NA
"71915_Leuva 2022","2020-12-14","2022-01-25","Mu",5365,0.00260922766861009,"0%","LAPIS",NA
"71915_Leuva 2022","2020-12-14","2022-01-25","Omicron_BA",381779,0.185675364416457,"19%","LAPIS",NA
"71915_Leuva 2022","2020-12-14","2022-01-25","Omicron_XBB",16,7.78148046556598e-06,"0%","LAPIS",NA
"71915_Leuva 2022","2020-12-14","2022-01-25","Omicron_JN",3,1.45902758729362e-06,"0%","LAPIS",NA
"71915_Leuva 2022","2020-12-14","2022-01-25",NA,2122,0.00103201884674569,"0%","LAPIS",NA
"72854_Konermann 2023(WT to Delta)","2020-03-11","2022-01-01","Early-clades",38468,0.071930634843762,"7%","LAPIS",NA
"72854_Konermann 2023(WT to Delta)","2020-03-11","2022-01-01","Beta",3456,0.00646231345586049,"1%","LAPIS",NA
"72854_Konermann 2023(WT to Delta)","2020-03-11","2022-01-01","Alpha",151146,0.282625240046149,"28%","LAPIS",NA
"72854_Konermann 2023(WT to Delta)","2020-03-11","2022-01-01","Gamma",1390,0.00259913648832352,"0%","LAPIS",NA
"72854_Konermann 2023(WT to Delta)","2020-03-11","2022-01-01","Delta",320673,0.599620787856236,"60%","LAPIS",NA
"72854_Konermann 2023(WT to Delta)","2020-03-11","2022-01-01","Kappa",137,0.000256173884100951,"0%","LAPIS",NA
"72854_Konermann 2023(WT to Delta)","2020-03-11","2022-01-01","Epsilon",16,2.9918117851206e-05,"0%","LAPIS",NA
"72854_Konermann 2023(WT to Delta)","2020-03-11","2022-01-01","Eta",1179,0.00220459130916074,"0%","LAPIS",NA
"72854_Konermann 2023(WT to Delta)","2020-03-11","2022-01-01","Theta",29,5.42265886053108e-05,"0%","LAPIS",NA
"72854_Konermann 2023(WT to Delta)","2020-03-11","2022-01-01","Iota",44,8.22748240908165e-05,"0%","LAPIS",NA
"72854_Konermann 2023(WT to Delta)","2020-03-11","2022-01-01","Lambda",171,0.000319749884534764,"0%","LAPIS",NA
"72854_Konermann 2023(WT to Delta)","2020-03-11","2022-01-01","Mu",207,0.000387065649699977,"0%","LAPIS",NA
"72854_Konermann 2023(WT to Delta)","2020-03-11","2022-01-01","Omicron_BA",17841,0.0333605712864604,"3%","LAPIS",NA
"72854_Konermann 2023(WT to Delta)","2020-03-11","2022-01-01",NA,36,6.73157651652135e-05,"0%","LAPIS",NA
"73383_Hosseini-Moghaddam 2023","2020-01-01","2021-12-31","Early-clades",71,0.816091954022989,"82%","LAPIS",NA
"73383_Hosseini-Moghaddam 2023","2020-01-01","2021-12-31","Beta",3,0.0344827586206897,"3%","LAPIS",NA
"73383_Hosseini-Moghaddam 2023","2020-01-01","2021-12-31","Alpha",2,0.0229885057471264,"2%","LAPIS",NA
"73383_Hosseini-Moghaddam 2023","2020-01-01","2021-12-31","Gamma",2,0.0229885057471264,"2%","LAPIS",NA
"73383_Hosseini-Moghaddam 2023","2020-01-01","2021-12-31","Delta",4,0.0459770114942529,"5%","LAPIS",NA
"73383_Hosseini-Moghaddam 2023","2020-01-01","2021-12-31","Kappa",1,0.0114942528735632,"1%","LAPIS",NA
"73383_Hosseini-Moghaddam 2023","2020-01-01","2021-12-31","Eta",1,0.0114942528735632,"1%","LAPIS",NA
"73383_Hosseini-Moghaddam 2023","2020-01-01","2021-12-31","Omicron_BA",3,0.0344827586206897,"3%","LAPIS",NA
"141132_Sullivan 2023","2020-01-01","2021-12-20","Early-clades",255352,0.143016524482042,"14%","LAPIS",NA
"141132_Sullivan 2023","2020-01-01","2021-12-20","Beta",2283,0.00127865348770521,"0%","LAPIS",NA
"141132_Sullivan 2023","2020-01-01","2021-12-20","Alpha",194568,0.108972865438383,"11%","LAPIS",NA
"141132_Sullivan 2023","2020-01-01","2021-12-20","Gamma",22051,0.0123502356799771,"1%","LAPIS",NA
"141132_Sullivan 2023","2020-01-01","2021-12-20","Delta",1187875,0.665300267940354,"67%","LAPIS",NA
"141132_Sullivan 2023","2020-01-01","2021-12-20","Kappa",247,0.000138338769804287,"0%","LAPIS",NA
"141132_Sullivan 2023","2020-01-01","2021-12-20","Epsilon",45534,0.0255025001792243,"3%","LAPIS",NA
"141132_Sullivan 2023","2020-01-01","2021-12-20","Eta",1062,0.000594800702559323,"0%","LAPIS",NA
"141132_Sullivan 2023","2020-01-01","2021-12-20","Theta",19,1.0641443831099e-05,"0%","LAPIS",NA
"141132_Sullivan 2023","2020-01-01","2021-12-20","Iota",37312,0.020897555380314,"2%","LAPIS",NA
"141132_Sullivan 2023","2020-01-01","2021-12-20","Lambda",1135,0.000635686249910388,"0%","LAPIS",NA
"141132_Sullivan 2023","2020-01-01","2021-12-20","Mu",5363,0.00300368754032547,"0%","LAPIS",NA
"141132_Sullivan 2023","2020-01-01","2021-12-20","Omicron_BA",30567,0.0171198428202739,"2%","LAPIS",NA
"141132_Sullivan 2023","2020-01-01","2021-12-20","Omicron_XBB",24,1.34418237866514e-05,"0%","LAPIS",NA
"141132_Sullivan 2023","2020-01-01","2021-12-20","Omicron_JN",5,2.80037995555237e-06,"0%","LAPIS",NA
"141132_Sullivan 2023","2020-01-01","2021-12-20",NA,2075,0.00116215768155423,"0%","LAPIS",NA
"71628_Turtle 2023(wave 3-Delta)","2021-04-01","2021-12-12","Early-clades",1478,0.00122206429645725,"0%","LAPIS",NA
"71628_Turtle 2023(wave 3-Delta)","2021-04-01","2021-12-12","Beta",473,0.000391093648324953,"0%","LAPIS",NA
"71628_Turtle 2023(wave 3-Delta)","2021-04-01","2021-12-12","Alpha",64096,0.0529969101121273,"5%","LAPIS",NA
"71628_Turtle 2023(wave 3-Delta)","2021-04-01","2021-12-12","Gamma",227,0.000187691877737345,"0%","LAPIS",NA
"71628_Turtle 2023(wave 3-Delta)","2021-04-01","2021-12-12","Delta",1130174,0.934469075902761,"93%","LAPIS",NA
"71628_Turtle 2023(wave 3-Delta)","2021-04-01","2021-12-12","Kappa",470,0.000388613138927544,"0%","LAPIS",NA
"71628_Turtle 2023(wave 3-Delta)","2021-04-01","2021-12-12","Epsilon",4,3.30734586321314e-06,"0%","LAPIS",NA
"71628_Turtle 2023(wave 3-Delta)","2021-04-01","2021-12-12","Eta",181,0.000149657400310394,"0%","LAPIS",NA
"71628_Turtle 2023(wave 3-Delta)","2021-04-01","2021-12-12","Theta",5,4.13418232901642e-06,"0%","LAPIS",NA
"71628_Turtle 2023(wave 3-Delta)","2021-04-01","2021-12-12","Iota",12,9.92203758963941e-06,"0%","LAPIS",NA
"71628_Turtle 2023(wave 3-Delta)","2021-04-01","2021-12-12","Lambda",4,3.30734586321314e-06,"0%","LAPIS",NA
"71628_Turtle 2023(wave 3-Delta)","2021-04-01","2021-12-12","Mu",75,6.20127349352463e-05,"0%","LAPIS",NA
"71628_Turtle 2023(wave 3-Delta)","2021-04-01","2021-12-12","Omicron_BA",12227,0.0101097294673768,"1%","LAPIS",NA
"71628_Turtle 2023(wave 3-Delta)","2021-04-01","2021-12-12",NA,3,2.48050939740985e-06,"0%","LAPIS",NA
"71512_Nolan 2023","2020-02-01","2021-09-30","Early-clades",252742,0.209382453402127,"21%","LAPIS",NA
"71512_Nolan 2023","2020-02-01","2021-09-30","Beta",2281,0.00188967950008409,"0%","LAPIS",NA
"71512_Nolan 2023","2020-02-01","2021-09-30","Alpha",194480,0.161115681357454,"16%","LAPIS",NA
"71512_Nolan 2023","2020-02-01","2021-09-30","Gamma",22007,0.018231554913788,"2%","LAPIS",NA
"71512_Nolan 2023","2020-02-01","2021-09-30","Delta",642660,0.532407464938202,"53%","LAPIS",NA
"71512_Nolan 2023","2020-02-01","2021-09-30","Kappa",246,0.00020379708768991,"0%","LAPIS",NA
"71512_Nolan 2023","2020-02-01","2021-09-30","Epsilon",45526,0.0377157163177677,"4%","LAPIS",NA
"71512_Nolan 2023","2020-02-01","2021-09-30","Eta",1062,0.000879806939539369,"0%","LAPIS",NA
"71512_Nolan 2023","2020-02-01","2021-09-30","Theta",19,1.57404254719849e-05,"0%","LAPIS",NA
"71512_Nolan 2023","2020-02-01","2021-09-30","Iota",37308,0.0309075680794113,"3%","LAPIS",NA
"71512_Nolan 2023","2020-02-01","2021-09-30","Lambda",1135,0.000940283311089627,"0%","LAPIS",NA
"71512_Nolan 2023","2020-02-01","2021-09-30","Mu",5331,0.00441643201006062,"0%","LAPIS",NA
"71512_Nolan 2023","2020-02-01","2021-09-30","Omicron_BA",191,0.000158232698165743,"0%","LAPIS",NA
"71512_Nolan 2023","2020-02-01","2021-09-30","Omicron_XBB",23,1.90541992555607e-05,"0%","LAPIS",NA
"71512_Nolan 2023","2020-02-01","2021-09-30","Omicron_JN",1,8.28443445893944e-07,"0%","LAPIS",NA
"71512_Nolan 2023","2020-02-01","2021-09-30",NA,2071,0.00171570637644636,"0%","LAPIS",NA
"74954_Kodde 2023","2020-01-01","2021-08-01","Early-clades",38113,0.178991415099656,"18%","LAPIS",NA
"74954_Kodde 2023","2020-01-01","2021-08-01","Beta",3445,0.0161788740067252,"2%","LAPIS",NA
"74954_Kodde 2023","2020-01-01","2021-08-01","Alpha",150926,0.708799053218868,"71%","LAPIS",NA
"74954_Kodde 2023","2020-01-01","2021-08-01","Gamma",1359,0.00638231923806661,"1%","LAPIS",NA
"74954_Kodde 2023","2020-01-01","2021-08-01","Delta",17302,0.0812559878270997,"8%","LAPIS",NA
"74954_Kodde 2023","2020-01-01","2021-08-01","Kappa",137,0.000643397892284861,"0%","LAPIS",NA
"74954_Kodde 2023","2020-01-01","2021-08-01","Epsilon",16,7.51413596829035e-05,"0%","LAPIS",NA
"74954_Kodde 2023","2020-01-01","2021-08-01","Eta",1175,0.00551819360171322,"1%","LAPIS",NA
"74954_Kodde 2023","2020-01-01","2021-08-01","Theta",29,0.000136193714425263,"0%","LAPIS",NA
"74954_Kodde 2023","2020-01-01","2021-08-01","Iota",44,0.000206638739127985,"0%","LAPIS",NA
"74954_Kodde 2023","2020-01-01","2021-08-01","Lambda",171,0.000803073281611031,"0%","LAPIS",NA
"74954_Kodde 2023","2020-01-01","2021-08-01","Mu",184,0.00086412563635339,"0%","LAPIS",NA
"74954_Kodde 2023","2020-01-01","2021-08-01","Omicron_BA",4,1.87853399207259e-05,"0%","LAPIS",NA
"74954_Kodde 2023","2020-01-01","2021-08-01",NA,27,0.0001268010444649,"0%","LAPIS",NA
"68513_Udovica 2022","2020-03-01","2021-03-31","Early-clades",31,0.279279279279279,"28%","LAPIS",NA
"71628_Turtle 2023(wave 2-Alpha)","2020-09-01","2021-03-31","Early-clades",125566,0.361497049085936,"36%","LAPIS",NA
"68513_Udovica 2022","2020-03-01","2021-03-31","Beta",2,0.018018018018018,"2%","LAPIS",NA
"71628_Turtle 2023(wave 2-Alpha)","2020-09-01","2021-03-31","Beta",597,0.00171872750827695,"0%","LAPIS",NA
"68513_Udovica 2022","2020-03-01","2021-03-31","Alpha",78,0.702702702702703,"70%","LAPIS",NA
"71628_Turtle 2023(wave 2-Alpha)","2020-09-01","2021-03-31","Alpha",220508,0.63482942277242,"63%","LAPIS",NA
"71628_Turtle 2023(wave 2-Alpha)","2020-09-01","2021-03-31","Gamma",45,0.000129552324744494,"0%","LAPIS",NA
"71628_Turtle 2023(wave 2-Alpha)","2020-09-01","2021-03-31","Delta",70,0.000201525838491435,"0%","LAPIS",NA
"71628_Turtle 2023(wave 2-Alpha)","2020-09-01","2021-03-31","Kappa",82,0.000236073125089967,"0%","LAPIS",NA
"71628_Turtle 2023(wave 2-Alpha)","2020-09-01","2021-03-31","Epsilon",18,5.18209298977976e-05,"0%","LAPIS",NA
"71628_Turtle 2023(wave 2-Alpha)","2020-09-01","2021-03-31","Eta",355,0.00102202389520656,"0%","LAPIS",NA
"71628_Turtle 2023(wave 2-Alpha)","2020-09-01","2021-03-31","Theta",4,1.15157621995106e-05,"0%","LAPIS",NA
"71628_Turtle 2023(wave 2-Alpha)","2020-09-01","2021-03-31","Iota",11,3.16683460486541e-05,"0%","LAPIS",NA
"71628_Turtle 2023(wave 2-Alpha)","2020-09-01","2021-03-31","Lambda",3,8.63682164963293e-06,"0%","LAPIS",NA
"71628_Turtle 2023(wave 2-Alpha)","2020-09-01","2021-03-31","Omicron_BA",46,0.000132431265294372,"0%","LAPIS",NA
"71628_Turtle 2023(wave 2-Alpha)","2020-09-01","2021-03-31",NA,45,0.000129552324744494,"0%","LAPIS",NA
"75567_Bazgir 2022","2020-03-05","2021-03-21","Early-clades",14,1,"100%","LAPIS",NA
"67898_Plais 2022","2020-03-12","2021-03-08","Early-clades",13357,0.965729159135276,"97%","LAPIS",NA
"67898_Plais 2022","2020-03-12","2021-03-08","Beta",63,0.00455498517822283,"0%","LAPIS",NA
"67898_Plais 2022","2020-03-12","2021-03-08","Alpha",380,0.0274745137734076,"3%","LAPIS",NA
"67898_Plais 2022","2020-03-12","2021-03-08","Gamma",2,0.000144602704070566,"0%","LAPIS",NA
"67898_Plais 2022","2020-03-12","2021-03-08","Delta",22,0.00159062974477623,"0%","LAPIS",NA
"67898_Plais 2022","2020-03-12","2021-03-08","Epsilon",5,0.000361506760176415,"0%","LAPIS",NA
"67898_Plais 2022","2020-03-12","2021-03-08","Omicron_BA",2,0.000144602704070566,"0%","LAPIS",NA
"66861_Chavez-MacGregor 2022","2020-01-01","2021-01-28","Early-clades",153132,0.926119457144931,"93%","LAPIS",NA
"66861_Chavez-MacGregor 2022","2020-01-01","2021-01-28","Beta",31,0.000187483368410867,"0%","LAPIS",NA
"66861_Chavez-MacGregor 2022","2020-01-01","2021-01-28","Alpha",1119,0.0067675448145729,"1%","LAPIS",NA
"66861_Chavez-MacGregor 2022","2020-01-01","2021-01-28","Gamma",19,0.00011490916128408,"0%","LAPIS",NA
"66861_Chavez-MacGregor 2022","2020-01-01","2021-01-28","Delta",76,0.000459636645136319,"0%","LAPIS",NA
"66861_Chavez-MacGregor 2022","2020-01-01","2021-01-28","Epsilon",10426,0.0630548902919902,"6%","LAPIS",NA
"66861_Chavez-MacGregor 2022","2020-01-01","2021-01-28","Eta",20,0.000120957011877979,"0%","LAPIS",NA
"66861_Chavez-MacGregor 2022","2020-01-01","2021-01-28","Iota",351,0.00212279555845852,"0%","LAPIS",NA
"66861_Chavez-MacGregor 2022","2020-01-01","2021-01-28","Lambda",4,2.41914023755957e-05,"0%","LAPIS",NA
"66861_Chavez-MacGregor 2022","2020-01-01","2021-01-28","Omicron_BA",145,0.000876938336115345,"0%","LAPIS",NA
"66861_Chavez-MacGregor 2022","2020-01-01","2021-01-28","Omicron_XBB",21,0.000127004862471878,"0%","LAPIS",NA
"66861_Chavez-MacGregor 2022","2020-01-01","2021-01-28","Omicron_JN",3,1.81435517816968e-05,"0%","LAPIS",NA
"66861_Chavez-MacGregor 2022","2020-01-01","2021-01-28",NA,1,6.04785059389893e-06,"0%","LAPIS",NA
"68083_Kim 2022","2020-06-01","2020-12-31","Early-clades",93078,0.956372528872632,"96%","LAPIS",NA
"69998_Serraino 2021","2020-02-26","2020-12-31","Early-clades",252,0.976744186046512,"98%","LAPIS",NA
"70896_Abuhelwa 2022","2020-01-01","2020-12-31","Early-clades",120899,0.965847540224008,"97%","LAPIS",NA
"68083_Kim 2022","2020-06-01","2020-12-31","Beta",5,5.13747893633636e-05,"0%","LAPIS",NA
"70896_Abuhelwa 2022","2020-01-01","2020-12-31","Beta",7,5.59221563583492e-05,"0%","LAPIS",NA
"68083_Kim 2022","2020-06-01","2020-12-31","Alpha",128,0.00131519460770211,"0%","LAPIS",NA
"69998_Serraino 2021","2020-02-26","2020-12-31","Alpha",6,0.0232558139534884,"2%","LAPIS",NA
"70896_Abuhelwa 2022","2020-01-01","2020-12-31","Alpha",137,0.00109447648872769,"0%","LAPIS",NA
"68083_Kim 2022","2020-06-01","2020-12-31","Gamma",1,1.02749578726727e-05,"0%","LAPIS",NA
"70896_Abuhelwa 2022","2020-01-01","2020-12-31","Gamma",2,1.59777589595283e-05,"0%","LAPIS",NA
"68083_Kim 2022","2020-06-01","2020-12-31","Delta",52,0.000534297809378982,"0%","LAPIS",NA
"70896_Abuhelwa 2022","2020-01-01","2020-12-31","Delta",55,0.000439388371387029,"0%","LAPIS",NA
"68083_Kim 2022","2020-06-01","2020-12-31","Epsilon",3921,0.0402881098187497,"4%","LAPIS",NA
"70896_Abuhelwa 2022","2020-01-01","2020-12-31","Epsilon",3924,0.0313483630785946,"3%","LAPIS",NA
"68083_Kim 2022","2020-06-01","2020-12-31","Iota",44,0.0004520981463976,"0%","LAPIS",NA
"70896_Abuhelwa 2022","2020-01-01","2020-12-31","Iota",45,0.000359499576589388,"0%","LAPIS",NA
"68083_Kim 2022","2020-06-01","2020-12-31","Omicron_BA",79,0.000811721671941145,"0%","LAPIS",NA
"70896_Abuhelwa 2022","2020-01-01","2020-12-31","Omicron_BA",84,0.00067106587630019,"0%","LAPIS",NA
"68083_Kim 2022","2020-06-01","2020-12-31","Omicron_XBB",14,0.000143849410217418,"0%","LAPIS",NA
"70896_Abuhelwa 2022","2020-01-01","2020-12-31","Omicron_XBB",17,0.000135810951155991,"0%","LAPIS",NA
"68083_Kim 2022","2020-06-01","2020-12-31","Omicron_JN",1,1.02749578726727e-05,"0%","LAPIS",NA
"70896_Abuhelwa 2022","2020-01-01","2020-12-31","Omicron_JN",3,2.39666384392925e-05,"0%","LAPIS",NA
"68083_Kim 2022","2020-06-01","2020-12-31",NA,1,1.02749578726727e-05,"0%","LAPIS",NA
"70896_Abuhelwa 2022","2020-01-01","2020-12-31",NA,1,7.98887947976417e-06,"0%","LAPIS",NA
"75065_Zhou 2023","2020-01-01","2020-12-08","Early-clades",234,0.983193277310924,"98%","LAPIS",NA
"75065_Zhou 2023","2020-01-01","2020-12-08","Alpha",4,0.0168067226890756,"2%","LAPIS",NA
"71633_Raad 2023","2020-01-04","2020-11-15","Early-clades",976104,0.996343726459294,"100%","LAPIS",NA
"71633_Raad 2023","2020-01-04","2020-11-15","Beta",36,3.67464677457879e-05,"0%","LAPIS",NA
"71633_Raad 2023","2020-01-04","2020-11-15","Alpha",252,0.000257225274220516,"0%","LAPIS",NA
"71633_Raad 2023","2020-01-04","2020-11-15","Gamma",81,8.26795524280229e-05,"0%","LAPIS",NA
"71633_Raad 2023","2020-01-04","2020-11-15","Delta",504,0.000514450548441031,"0%","LAPIS",NA
"71633_Raad 2023","2020-01-04","2020-11-15","Epsilon",2205,0.00225072114942951,"0%","LAPIS",NA
"71633_Raad 2023","2020-01-04","2020-11-15","Iota",54,5.51197016186819e-05,"0%","LAPIS",NA
"71633_Raad 2023","2020-01-04","2020-11-15","Omicron_BA",396,0.000404211145203667,"0%","LAPIS",NA
"71633_Raad 2023","2020-01-04","2020-11-15","Omicron_XBB",27,2.7559850809341e-05,"0%","LAPIS",NA
"71633_Raad 2023","2020-01-04","2020-11-15","Omicron_JN",18,1.8373233872894e-05,"0%","LAPIS",NA
"71633_Raad 2023","2020-01-04","2020-11-15",NA,9,9.18661693644698e-06,"0%","LAPIS",NA
"71628_Turtle 2023(wave 1-D614G)","2020-01-17","2020-08-31","Early-clades",55204,0.99617439006785,"100%","LAPIS",NA
"71628_Turtle 2023(wave 1-D614G)","2020-01-17","2020-08-31","Beta",1,1.804532986863e-05,"0%","LAPIS",NA
"71628_Turtle 2023(wave 1-D614G)","2020-01-17","2020-08-31","Alpha",16,0.00028872527789808,"0%","LAPIS",NA
"71628_Turtle 2023(wave 1-D614G)","2020-01-17","2020-08-31","Gamma",1,1.804532986863e-05,"0%","LAPIS",NA
"71628_Turtle 2023(wave 1-D614G)","2020-01-17","2020-08-31","Delta",22,0.00039699725710986,"0%","LAPIS",NA
"71628_Turtle 2023(wave 1-D614G)","2020-01-17","2020-08-31","Epsilon",5,9.022664934315e-05,"0%","LAPIS",NA
"71628_Turtle 2023(wave 1-D614G)","2020-01-17","2020-08-31","Iota",9,0.00016240796881767,"0%","LAPIS",NA
"71628_Turtle 2023(wave 1-D614G)","2020-01-17","2020-08-31","Omicron_BA",66,0.00119099177132958,"0%","LAPIS",NA
"71628_Turtle 2023(wave 1-D614G)","2020-01-17","2020-08-31","Omicron_JN",2,3.609065973726e-05,"0%","LAPIS",NA
"71628_Turtle 2023(wave 1-D614G)","2020-01-17","2020-08-31",NA,90,0.0016240796881767,"0%","LAPIS",NA
"67122_Rugge 2022","2020-02-22","2020-07-31","Early-clades",150,1,"100%","LAPIS",NA
"72593_Anantharaman 2021","2020-02-25","2020-06-08","Early-clades",29333,0.999182477773614,"100%","LAPIS",NA
"72593_Anantharaman 2021","2020-02-25","2020-06-08","Beta",2,6.81268521987941e-05,"0%","LAPIS",NA
"72593_Anantharaman 2021","2020-02-25","2020-06-08","Alpha",9,0.000306570834894574,"0%","LAPIS",NA
"72593_Anantharaman 2021","2020-02-25","2020-06-08","Gamma",1,3.40634260993971e-05,"0%","LAPIS",NA
"72593_Anantharaman 2021","2020-02-25","2020-06-08","Delta",3,0.000102190278298191,"0%","LAPIS",NA
"72593_Anantharaman 2021","2020-02-25","2020-06-08","Epsilon",3,0.000102190278298191,"0%","LAPIS",NA
"72593_Anantharaman 2021","2020-02-25","2020-06-08","Iota",1,3.40634260993971e-05,"0%","LAPIS",NA
"72593_Anantharaman 2021","2020-02-25","2020-06-08","Omicron_BA",2,6.81268521987941e-05,"0%","LAPIS",NA
"72593_Anantharaman 2021","2020-02-25","2020-06-08","Omicron_XBB",3,0.000102190278298191,"0%","LAPIS",NA
"62182_Sng 2020","2020-03-01","2020-05-31","Early-clades",38490,0.995834519158625,"100%","LAPIS",NA
"81620_Johannesen 2021","2020-01-01","2020-05-31","Early-clades",1,1,"100%","LAPIS",NA
"62182_Sng 2020","2020-03-01","2020-05-31","Alpha",11,0.000284598069907635,"0%","LAPIS",NA
"62182_Sng 2020","2020-03-01","2020-05-31","Gamma",1,2.5872551809785e-05,"0%","LAPIS",NA
"62182_Sng 2020","2020-03-01","2020-05-31","Delta",16,0.00041396082895656,"0%","LAPIS",NA
"62182_Sng 2020","2020-03-01","2020-05-31","Epsilon",5,0.000129362759048925,"0%","LAPIS",NA
"62182_Sng 2020","2020-03-01","2020-05-31","Iota",9,0.000232852966288065,"0%","LAPIS",NA
"62182_Sng 2020","2020-03-01","2020-05-31","Omicron_BA",56,0.00144886290134796,"0%","LAPIS",NA
"62182_Sng 2020","2020-03-01","2020-05-31","Omicron_JN",2,5.174510361957e-05,"0%","LAPIS",NA
"62182_Sng 2020","2020-03-01","2020-05-31",NA,61,0.00157822566039688,"0%","LAPIS",NA
"67144_Alpert 2021","2020-03-01","2020-05-27","Early-clades",27006,0.999112097669256,"100%","LAPIS",NA
"67144_Alpert 2021","2020-03-01","2020-05-27","Beta",2,7.39918608953015e-05,"0%","LAPIS",NA
"67144_Alpert 2021","2020-03-01","2020-05-27","Alpha",9,0.000332963374028857,"0%","LAPIS",NA
"67144_Alpert 2021","2020-03-01","2020-05-27","Gamma",1,3.69959304476508e-05,"0%","LAPIS",NA
"67144_Alpert 2021","2020-03-01","2020-05-27","Delta",3,0.000110987791342952,"0%","LAPIS",NA
"67144_Alpert 2021","2020-03-01","2020-05-27","Epsilon",3,0.000110987791342952,"0%","LAPIS",NA
"67144_Alpert 2021","2020-03-01","2020-05-27","Iota",1,3.69959304476508e-05,"0%","LAPIS",NA
"67144_Alpert 2021","2020-03-01","2020-05-27","Omicron_BA",2,7.39918608953015e-05,"0%","LAPIS",NA
"67144_Alpert 2021","2020-03-01","2020-05-27","Omicron_XBB",3,0.000110987791342952,"0%","LAPIS",NA
"65844_Bertuzzi 2021","2020-02-27","2020-05-20","Early-clades",117,1,"100%","LAPIS",NA
"62120_Brar 2020","2020-03-03","2020-05-15","Early-clades",24417,0.999018043451577,"100%","LAPIS",NA
"62120_Brar 2020","2020-03-03","2020-05-15","Beta",2,8.1829712368561e-05,"0%","LAPIS",NA
"62120_Brar 2020","2020-03-03","2020-05-15","Alpha",9,0.000368233705658525,"0%","LAPIS",NA
"62120_Brar 2020","2020-03-03","2020-05-15","Gamma",1,4.09148561842805e-05,"0%","LAPIS",NA
"62120_Brar 2020","2020-03-03","2020-05-15","Delta",3,0.000122744568552842,"0%","LAPIS",NA
"62120_Brar 2020","2020-03-03","2020-05-15","Epsilon",3,0.000122744568552842,"0%","LAPIS",NA
"62120_Brar 2020","2020-03-03","2020-05-15","Iota",1,4.09148561842805e-05,"0%","LAPIS",NA
"62120_Brar 2020","2020-03-03","2020-05-15","Omicron_BA",2,8.1829712368561e-05,"0%","LAPIS",NA
"62120_Brar 2020","2020-03-03","2020-05-15","Omicron_XBB",3,0.000122744568552842,"0%","LAPIS",NA
"70019_Klein 2021","2020-03-13","2020-05-10","Early-clades",21660,0.999031409990314,"100%","LAPIS",NA
"70019_Klein 2021","2020-03-13","2020-05-10","Beta",2,9.22466675891333e-05,"0%","LAPIS",NA
"70019_Klein 2021","2020-03-13","2020-05-10","Alpha",9,0.0004151100041511,"0%","LAPIS",NA
"70019_Klein 2021","2020-03-13","2020-05-10","Gamma",1,4.61233337945667e-05,"0%","LAPIS",NA
"70019_Klein 2021","2020-03-13","2020-05-10","Delta",1,4.61233337945667e-05,"0%","LAPIS",NA
"70019_Klein 2021","2020-03-13","2020-05-10","Epsilon",3,0.0001383700013837,"0%","LAPIS",NA
"70019_Klein 2021","2020-03-13","2020-05-10","Iota",1,4.61233337945667e-05,"0%","LAPIS",NA
"70019_Klein 2021","2020-03-13","2020-05-10","Omicron_BA",1,4.61233337945667e-05,"0%","LAPIS",NA
"70019_Klein 2021","2020-03-13","2020-05-10","Omicron_XBB",3,0.0001383700013837,"0%","LAPIS",NA
"78588_Dai 2020","2020-01-01","2020-03-01","Early-clades",373,1,"100%","LAPIS",NA
"138865_Evans 2023",NA,NA,"Early-clades",NA,8.28153167938353e-05,"0%","Outbreak",82
"138865_Evans 2023",NA,NA,"Alpha",NA,9.08948598956729e-06,"0%","Outbreak",9
"138865_Evans 2023",NA,NA,"Delta",NA,0.00257939413526165,"0%","Outbreak",2554
"138865_Evans 2023",NA,NA,"Omicron_BA",NA,0.995842065131217,"100%","Outbreak",986038
"138865_Evans 2023",NA,NA,"Omicron_XBB",NA,0.00148663593073812,"0%","Outbreak",1472
"138896_Li 2024",NA,NA,"Early-clades",NA,0,"0%","Outbreak",0
"138896_Li 2024",NA,NA,"Omicron_BA",NA,0.994785399117529,"99%","Outbreak",7440
"138896_Li 2024",NA,NA,"Omicron_XBB",NA,0.00521460088247092,"1%","Outbreak",39
"140255_Park 2024",NA,NA,"Early-clades",NA,0.182388197325957,"18%","Outbreak",5934
"140255_Park 2024",NA,NA,"Beta",NA,0.00116797295220532,"0%","Outbreak",38
"140255_Park 2024",NA,NA,"Alpha",NA,0.0263715998155832,"3%","Outbreak",858
"140255_Park 2024",NA,NA,"Gamma",NA,0.000368833563854311,"0%","Outbreak",12
"140255_Park 2024",NA,NA,"Delta",NA,0.510803749807899,"51%","Outbreak",16619
"140255_Park 2024",NA,NA,"Epsilon",NA,0.00353465498693714,"0%","Outbreak",115
"140255_Park 2024",NA,NA,"Eta",NA,0.00012294452128477,"0%","Outbreak",4
"140255_Park 2024",NA,NA,"Iota",NA,0.00012294452128477,"0%","Outbreak",4
"140255_Park 2024",NA,NA,"Omicron_BA",NA,0.275119102504995,"28%","Outbreak",8951
"141132_Sullivan 2023",NA,NA,"Early-clades",NA,0.139680950997585,"14%","Outbreak",263488
"141132_Sullivan 2023",NA,NA,"Alpha",NA,0.124843348763436,"12%","Outbreak",235499
"141132_Sullivan 2023",NA,NA,"Gamma",NA,0.0106019224366981,"1%","Outbreak",19999
"141132_Sullivan 2023",NA,NA,"Delta",NA,0.647574476928003,"65%","Outbreak",1221556
"141132_Sullivan 2023",NA,NA,"Epsilon",NA,0.0348502615625046,"3%","Outbreak",65740
"141132_Sullivan 2023",NA,NA,"Iota",NA,0.0223102107979618,"2%","Outbreak",42085
"141132_Sullivan 2023",NA,NA,"Mu",NA,0.00251437162444417,"0%","Outbreak",4743
"141132_Sullivan 2023",NA,NA,"Omicron_BA",NA,0.0176244568893676,"2%","Outbreak",33246
"141173_Alsakarneh 2024",NA,NA,"Early-clades",NA,0.0689142745255651,"7%","Outbreak",267488
"141173_Alsakarneh 2024",NA,NA,"Alpha",NA,0.0606805171249994,"6%","Outbreak",235529
"141173_Alsakarneh 2024",NA,NA,"Gamma",NA,0.00515270027257784,"1%","Outbreak",20000
"141173_Alsakarneh 2024",NA,NA,"Delta",NA,0.323303086982733,"32%","Outbreak",1254888
"141173_Alsakarneh 2024",NA,NA,"Epsilon",NA,0.0169374410659906,"2%","Outbreak",65742
"141173_Alsakarneh 2024",NA,NA,"Iota",NA,0.0108428271835856,"1%","Outbreak",42086
"141173_Alsakarneh 2024",NA,NA,"Mu",NA,0.00122222050465546,"0%","Outbreak",4744
"141173_Alsakarneh 2024",NA,NA,"Omicron_BA",NA,0.448421727906509,"45%","Outbreak",1740531
"141173_Alsakarneh 2024",NA,NA,"Omicron_XBB",NA,0.0547227074348312,"5%","Outbreak",212404
"141173_Alsakarneh 2024",NA,NA,"Omicron_JN",NA,0.00980249699855209,"1%","Outbreak",38048
"62120_Brar 2020",NA,NA,"Early-clades",NA,1,"100%","Outbreak",23182
"62182_Sng 2020",NA,NA,"Early-clades",NA,1,"100%","Outbreak",30218
"65844_Bertuzzi 2021",NA,NA,"Early-clades",NA,1,"100%","Outbreak",1281
"66861_Chavez-MacGregor 2022",NA,NA,"Early-clades",NA,0.900943156036595,"90%","Outbreak",159239
"66861_Chavez-MacGregor 2022",NA,NA,"Alpha",NA,0.00770592994506272,"1%","Outbreak",1362
"66861_Chavez-MacGregor 2022",NA,NA,"Gamma",NA,0.000141445116465909,"0%","Outbreak",25
"66861_Chavez-MacGregor 2022",NA,NA,"Delta",NA,0.000214996577028182,"0%","Outbreak",38
"66861_Chavez-MacGregor 2022",NA,NA,"Epsilon",NA,0.088046756097699,"9%","Outbreak",15562
"66861_Chavez-MacGregor 2022",NA,NA,"Iota",NA,0.00294771622714954,"0%","Outbreak",521
"67122_Rugge 2022",NA,NA,"Early-clades",NA,1,"100%","Outbreak",1577
"67144_Alpert 2021",NA,NA,"Early-clades",NA,1,"100%","Outbreak",25219
"67898_Plais 2022",NA,NA,"Early-clades",NA,0.656312402928777,"66%","Outbreak",14790
"67898_Plais 2022",NA,NA,"Beta",NA,0.0254271133791879,"3%","Outbreak",573
"67898_Plais 2022",NA,NA,"Alpha",NA,0.314577324162414,"31%","Outbreak",7089
"67898_Plais 2022",NA,NA,"Gamma",NA,0.00164189039272243,"0%","Outbreak",37
"67898_Plais 2022",NA,NA,"Delta",NA,0.000310627912136676,"0%","Outbreak",7
"67898_Plais 2022",NA,NA,"Eta",NA,0.00173064122476148,"0%","Outbreak",39
"68083_Kim 2022",NA,NA,"Early-clades",NA,0.959454979091133,"96%","Outbreak",89710
"68083_Kim 2022",NA,NA,"Alpha",NA,0.00162565106255548,"0%","Outbreak",152
"68083_Kim 2022",NA,NA,"Gamma",NA,1.06950727799703e-05,"0%","Outbreak",1
"68083_Kim 2022",NA,NA,"Delta",NA,4.27802911198811e-05,"0%","Outbreak",4
"68083_Kim 2022",NA,NA,"Epsilon",NA,0.038127934460594,"4%","Outbreak",3565
"68083_Kim 2022",NA,NA,"Iota",NA,0.000737960021817948,"0%","Outbreak",69
"68513_Udovica 2022",NA,NA,"Early-clades",NA,0.573863636363636,"57%","Outbreak",2222
"68513_Udovica 2022",NA,NA,"Beta",NA,0.0637913223140496,"6%","Outbreak",247
"68513_Udovica 2022",NA,NA,"Alpha",NA,0.359245867768595,"36%","Outbreak",1391
"68513_Udovica 2022",NA,NA,"Gamma",NA,0.000258264462809917,"0%","Outbreak",1
"68513_Udovica 2022",NA,NA,"Eta",NA,0.00284090909090909,"0%","Outbreak",11
"69998_Serraino 2021",NA,NA,"Early-clades",NA,0.964002716776092,"96%","Outbreak",4258
"69998_Serraino 2021",NA,NA,"Alpha",NA,0.0357708852162101,"4%","Outbreak",158
"69998_Serraino 2021",NA,NA,"Eta",NA,0.000226398007697532,"0%","Outbreak",1
"70019_Klein 2021",NA,NA,"Early-clades",NA,1,"100%","Outbreak",20441
"70896_Abuhelwa 2022",NA,NA,"Early-clades",NA,0.968405963780617,"97%","Outbreak",116200
"70896_Abuhelwa 2022",NA,NA,"Alpha",NA,0.0012667616737922,"0%","Outbreak",152
"70896_Abuhelwa 2022",NA,NA,"Gamma",NA,8.33395838021185e-06,"0%","Outbreak",1
"70896_Abuhelwa 2022",NA,NA,"Delta",NA,3.33358335208474e-05,"0%","Outbreak",4
"70896_Abuhelwa 2022",NA,NA,"Epsilon",NA,0.0297105616254552,"3%","Outbreak",3565
"70896_Abuhelwa 2022",NA,NA,"Iota",NA,0.000575043128234618,"0%","Outbreak",69
"71402_Salvatore 2023",NA,NA,"Early-clades",NA,0.107032922992982,"11%","Outbreak",266004
"71402_Salvatore 2023",NA,NA,"Alpha",NA,0.0947589260494098,"9%","Outbreak",235500
"71402_Salvatore 2023",NA,NA,"Gamma",NA,0.00804706480705795,"1%","Outbreak",19999
"71402_Salvatore 2023",NA,NA,"Delta",NA,0.504755248356908,"50%","Outbreak",1254445
"71402_Salvatore 2023",NA,NA,"Epsilon",NA,0.0264520246220306,"3%","Outbreak",65740
"71402_Salvatore 2023",NA,NA,"Iota",NA,0.0169342851877514,"2%","Outbreak",42086
"71402_Salvatore 2023",NA,NA,"Mu",NA,0.00190845684183588,"0%","Outbreak",4743
"71402_Salvatore 2023",NA,NA,"Omicron_BA",NA,0.240111071142024,"24%","Outbreak",596737
"71512_Nolan 2023",NA,NA,"Early-clades",NA,0.201485165377934,"20%","Outbreak",260260
"71512_Nolan 2023",NA,NA,"Alpha",NA,0.182288876433373,"18%","Outbreak",235464
"71512_Nolan 2023",NA,NA,"Gamma",NA,0.0154725371368761,"2%","Outbreak",19986
"71512_Nolan 2023",NA,NA,"Delta",NA,0.513607564557934,"51%","Outbreak",663431
"71512_Nolan 2023",NA,NA,"Epsilon",NA,0.0508884360861743,"5%","Outbreak",65733
"71512_Nolan 2023",NA,NA,"Iota",NA,0.0325731512075485,"3%","Outbreak",42075
"71512_Nolan 2023",NA,NA,"Mu",NA,0.0036556249554853,"0%","Outbreak",4722
"71512_Nolan 2023",NA,NA,"Omicron_BA",NA,2.8644244674493e-05,"0%","Outbreak",37
"71628_Turtle 2023",NA,NA,"Early-clades",NA,0.0633562768663497,"6%","Outbreak",132133
"71628_Turtle 2023",NA,NA,"Alpha",NA,0.127772223700646,"13%","Outbreak",266476
"71628_Turtle 2023",NA,NA,"Delta",NA,0.50419192972614,"50%","Outbreak",1051520
"71628_Turtle 2023",NA,NA,"Omicron_BA",NA,0.304679090218191,"30%","Outbreak",635425
"71628_Turtle 2023",NA,NA,"Omicron_XBB",NA,4.79488673278816e-07,"0%","Outbreak",1
"71628_Turtle 2023(wave 1-D614G)",NA,NA,"Early-clades",NA,1,"100%","Outbreak",44777
"71628_Turtle 2023(wave 2-Alpha)",NA,NA,"Early-clades",NA,0.293273490641912,"29%","Outbreak",86057
"71628_Turtle 2023(wave 2-Alpha)",NA,NA,"Alpha",NA,0.706562930247141,"71%","Outbreak",207331
"71628_Turtle 2023(wave 2-Alpha)",NA,NA,"Delta",NA,0.000146539620223831,"0%","Outbreak",43
"71628_Turtle 2023(wave 2-Alpha)",NA,NA,"Omicron_BA",NA,1.70394907237013e-05,"0%","Outbreak",5
"71628_Turtle 2023(wave 3-Delta)",NA,NA,"Early-clades",NA,0.000270069920171057,"0%","Outbreak",290
"71628_Turtle 2023(wave 3-Delta)",NA,NA,"Alpha",NA,0.0516857950672195,"5%","Outbreak",55500
"71628_Turtle 2023(wave 3-Delta)",NA,NA,"Delta",NA,0.940135742729531,"94%","Outbreak",1009514
"71628_Turtle 2023(wave 3-Delta)",NA,NA,"Omicron_BA",NA,0.00790839228307798,"1%","Outbreak",8492
"71628_Turtle 2023(wave 4-Omicron)",NA,NA,"Early-clades",NA,0.000299134810087746,"0%","Outbreak",195
"71628_Turtle 2023(wave 4-Omicron)",NA,NA,"Alpha",NA,1.22721973369332e-05,"0%","Outbreak",8
"71628_Turtle 2023(wave 4-Omicron)",NA,NA,"Delta",NA,0.0486730686629441,"5%","Outbreak",31729
"71628_Turtle 2023(wave 4-Omicron)",NA,NA,"Omicron_BA",NA,0.951013990304964,"95%","Outbreak",619947
"71628_Turtle 2023(wave 4-Omicron)",NA,NA,"Omicron_XBB",NA,1.53402466711665e-06,"0%","Outbreak",1
"71633_Raad 2023",NA,NA,"Early-clades",NA,0.998140006763612,"100%","Outbreak",129866
"71633_Raad 2023",NA,NA,"Alpha",NA,0.00042272573554278,"0%","Outbreak",55
"71633_Raad 2023",NA,NA,"Gamma",NA,4.61155347864851e-05,"0%","Outbreak",6
"71633_Raad 2023",NA,NA,"Delta",NA,7.68592246441418e-06,"0%","Outbreak",1
"71633_Raad 2023",NA,NA,"Epsilon",NA,0.00138346604359455,"0%","Outbreak",180
"71915_Leuva 2022",NA,NA,"Early-clades",NA,0.0727973788867791,"7%","Outbreak",166463
"71915_Leuva 2022",NA,NA,"Alpha",NA,0.102966245120617,"10%","Outbreak",235449
"71915_Leuva 2022",NA,NA,"Gamma",NA,0.00874593621619636,"1%","Outbreak",19999
"71915_Leuva 2022",NA,NA,"Delta",NA,0.548415113383613,"55%","Outbreak",1254040
"71915_Leuva 2022",NA,NA,"Epsilon",NA,0.0281523898153728,"3%","Outbreak",64375
"71915_Leuva 2022",NA,NA,"Iota",NA,0.0183958101372219,"2%","Outbreak",42065
"71915_Leuva 2022",NA,NA,"Mu",NA,0.00207420248379516,"0%","Outbreak",4743
"71915_Leuva 2022",NA,NA,"Omicron_BA",NA,0.218452923956405,"22%","Outbreak",499528
"72593_Anantharaman 2021",NA,NA,"Early-clades",NA,1,"100%","Outbreak",27492
"72854_Konermann 2023",NA,NA,"Early-clades",NA,0.0423782989807205,"4%","Outbreak",28505
"72854_Konermann 2023",NA,NA,"Beta",NA,0.00333466144935121,"0%","Outbreak",2243
"72854_Konermann 2023",NA,NA,"Alpha",NA,0.154449981564957,"15%","Outbreak",103888
"72854_Konermann 2023",NA,NA,"Gamma",NA,0.000575351752518465,"0%","Outbreak",387
"72854_Konermann 2023",NA,NA,"Delta",NA,0.261379179105365,"26%","Outbreak",175812
"72854_Konermann 2023",NA,NA,"Omicron_BA",NA,0.537882527147088,"54%","Outbreak",361797
"72854_Konermann 2023(Omicron)",NA,NA,"Early-clades",NA,0.001212725495523,"0%","Outbreak",433
"72854_Konermann 2023(Omicron)",NA,NA,"Beta",NA,8.40225516528636e-06,"0%","Outbreak",3
"72854_Konermann 2023(Omicron)",NA,NA,"Alpha",NA,5.60150344352424e-06,"0%","Outbreak",2
"72854_Konermann 2023(Omicron)",NA,NA,"Delta",NA,0.0166168599652147,"2%","Outbreak",5933
"72854_Konermann 2023(Omicron)",NA,NA,"Omicron_BA",NA,0.982156410780654,"98%","Outbreak",350676
"72854_Konermann 2023(WT to Delta)",NA,NA,"Early-clades",NA,0.0890802865040351,"9%","Outbreak",28070
"72854_Konermann 2023(WT to Delta)",NA,NA,"Beta",NA,0.00710865129209258,"1%","Outbreak",2240
"72854_Konermann 2023(WT to Delta)",NA,NA,"Alpha",NA,0.32968274470104,"33%","Outbreak",103886
"72854_Konermann 2023(WT to Delta)",NA,NA,"Gamma",NA,0.00122814645091064,"0%","Outbreak",387
"72854_Konermann 2023(WT to Delta)",NA,NA,"Delta",NA,0.538626316607904,"54%","Outbreak",169726
"72854_Konermann 2023(WT to Delta)",NA,NA,"Omicron_BA",NA,0.0342738544440178,"3%","Outbreak",10800
"73383_Hosseini-Moghaddam 2023",NA,NA,"Early-clades",NA,0.217029510981483,"22%","Outbreak",54171
"73383_Hosseini-Moghaddam 2023",NA,NA,"Beta",NA,0.00555684649962741,"1%","Outbreak",1387
"73383_Hosseini-Moghaddam 2023",NA,NA,"Alpha",NA,0.179413626493377,"18%","Outbreak",44782
"73383_Hosseini-Moghaddam 2023",NA,NA,"Gamma",NA,0.0652078108348491,"7%","Outbreak",16276
"73383_Hosseini-Moghaddam 2023",NA,NA,"Delta",NA,0.448073332745731,"45%","Outbreak",111840
"73383_Hosseini-Moghaddam 2023",NA,NA,"Eta",NA,0.00808086473666076,"1%","Outbreak",2017
"73383_Hosseini-Moghaddam 2023",NA,NA,"Omicron_BA",NA,0.0766380077082716,"8%","Outbreak",19129
"73804_Starkey 2023",NA,NA,"Early-clades",NA,0.0204583069114408,"2%","Outbreak",38876
"73804_Starkey 2023",NA,NA,"Alpha",NA,0.114072584995172,"11%","Outbreak",216767
"73804_Starkey 2023",NA,NA,"Delta",NA,0.432459854072217,"43%","Outbreak",821784
"73804_Starkey 2023",NA,NA,"Omicron_BA",NA,0.433008727776009,"43%","Outbreak",822827
"73804_Starkey 2023",NA,NA,"Omicron_XBB",NA,5.26245161833543e-07,"0%","Outbreak",1
"74954_Kodde 2023",NA,NA,"Early-clades",NA,0.19438302093451,"19%","Outbreak",28218
"74954_Kodde 2023",NA,NA,"Beta",NA,0.0153409521447712,"2%","Outbreak",2227
"74954_Kodde 2023",NA,NA,"Alpha",NA,0.714632113359097,"71%","Outbreak",103741
"74954_Kodde 2023",NA,NA,"Gamma",NA,0.00266589514145777,"0%","Outbreak",387
"74954_Kodde 2023",NA,NA,"Delta",NA,0.0729780184201644,"7%","Outbreak",10594
"75065_Zhou 2023",NA,NA,"Early-clades",NA,1,"100%","Outbreak",854
"75567_Bazgir 2022",NA,NA,"Early-clades",NA,0.81203007518797,"81%","Outbreak",216
"75567_Bazgir 2022",NA,NA,"Alpha",NA,0.18796992481203,"19%","Outbreak",50
"78588_Dai 2020",NA,NA,"Early-clades",NA,1,"100%","Outbreak",648
"81620_Johannesen 2021",NA,NA,"Early-clades",NA,1,"100%","Outbreak",89
